First_name,Last_name,DOB,SSN,State
Sarah,Simpson,12/04/1985,XXX-XXX-8166,FL
Samantha,Lara,9/08/1993,XXX-XXX-7526,CO
Stacy,Charles,12/20/1957,XXX-XXX-8526,PA
Michelle,Roy,7/29/1978,XXX-XXX-3944,MI
Joseph,Rogers,3/28/1985,XXX-XXX-3515,MN
Erica,Hines,10/13/1975,XXX-XXX-6153,NY
Zoe,Patel,12/20/1967,XXX-XXX-0817,WI
Matthew,Harvey,1/20/1990,XXX-XXX-0346,TN
Shawn,Davis,7/21/1961,XXX-XXX-1581,WV
April,Baldwin,8/07/1961,XXX-XXX-2014,MO
Vincent,Daniels,1/06/1972,XXX-XXX-2754,MT
Ann,Fields,8/22/1960,XXX-XXX-7911,IA
Jeffrey,Pearson,5/05/1979,XXX-XXX-2578,IL
Heather,Johnson,9/23/1989,XXX-XXX-0904,GA
Melissa,Fletcher,3/14/1979,XXX-XXX-6881,RI
Kimberly,Alvarez,9/04/1984,XXX-XXX-8680,LA
Monica,Jimenez,4/08/1988,XXX-XXX-1668,ND
Steven,Johnson,5/28/1962,XXX-XXX-7070,NE
Sarah,Wood,6/15/1972,XXX-XXX-6715,FL
Jesus,Petersen,3/28/1958,XXX-XXX-0770,OK
Rhonda,Rosales,4/10/1963,XXX-XXX-0286,AL
Nicole,Richardson,9/09/1981,XXX-XXX-5228,LA
Jennifer,Mendez,7/20/1977,XXX-XXX-1994,OR
Sandra,Petty,1/30/1981,XXX-XXX-7629,NC
Michael,Hester,4/13/1987,XXX-XXX-6836,SD
Joseph,Brown,8/28/1982,XXX-XXX-4744,NH
Michelle,Cooper,8/23/1993,XXX-XXX-2306,WA
Barbara,Wise,12/15/1991,XXX-XXX-7662,IN
Carol,Rosales,7/20/1984,XXX-XXX-4907,NJ
Mark,Villa,2/24/1969,XXX-XXX-2207,MS
Russell,Orozco,9/16/1973,XXX-XXX-5514,MS
Michelle,Sanchez,8/21/1994,XXX-XXX-5222,OK
Briana,Ayala,10/31/1965,XXX-XXX-4542,CT
Shane,Roberts,12/14/1958,XXX-XXX-6030,HI
Cassandra,Morris,1/24/1973,XXX-XXX-3831,MT
Krista,Thompson,7/25/1984,XXX-XXX-7445,KY
Jon,Bennett,9/13/1957,XXX-XXX-1689,NM
April,Thomas,12/03/1993,XXX-XXX-3580,CO
Haley,Martinez,1/15/1968,XXX-XXX-3736,ID
Isaac,Stafford,11/25/1989,XXX-XXX-5036,SD
John,Martinez,1/06/1987,XXX-XXX-3936,NH
John,Phillips,12/08/1982,XXX-XXX-4070,WV
Gary,Shelton,9/11/1978,XXX-XXX-9672,SD
Amanda,Gordon,10/12/1969,XXX-XXX-2966,ME
Jessica,Holt,9/12/1963,XXX-XXX-6084,NE
Stephanie,Estes,7/15/1966,XXX-XXX-9779,SD
Jessica,Brown,2/01/1992,XXX-XXX-7328,MS
Donna,Manning,5/19/1973,XXX-XXX-7781,NM
Nicholas,Owens,8/20/1991,XXX-XXX-7882,VA
Wendy,Ryan,5/13/1960,XXX-XXX-0741,AZ
Kimberly,Hooper,9/08/1971,XXX-XXX-3136,GA
Deborah,Gonzalez,5/28/1975,XXX-XXX-0643,MT
Laura,Yoder,4/18/1987,XXX-XXX-3016,IN
Kimberly,Velez,3/07/1958,XXX-XXX-0707,AZ
Kevin,Garcia,5/15/1973,XXX-XXX-4337,OK
Marcia,Jones,11/20/1972,XXX-XXX-0963,ND
Nicole,Baldwin,8/11/1978,XXX-XXX-5508,NV
Katherine,Juarez,2/13/1986,XXX-XXX-8687,CA
Paula,Thompson,9/22/1985,XXX-XXX-7734,NC
Joan,Hoover,2/27/1973,XXX-XXX-5429,NM
Stephen,Simon,11/28/1962,XXX-XXX-1621,NV
Rebecca,Taylor,9/30/1962,XXX-XXX-9126,MN
Lindsay,Owens,4/28/1973,XXX-XXX-6742,DE
Justin,Payne,7/03/1983,XXX-XXX-7892,AK
Michelle,Thornton,1/25/1961,XXX-XXX-4112,GA
Timothy,Hill,8/11/1985,XXX-XXX-4460,SC
Karen,Johnson,1/05/1976,XXX-XXX-5174,OH
Alexis,Mcintosh,3/01/1962,XXX-XXX-9185,KY
Susan,Fitzgerald,9/18/1961,XXX-XXX-3222,AL
Amber,Stewart,8/26/1958,XXX-XXX-3120,OH
Taylor,Evans,7/17/1983,XXX-XXX-2641,NJ
Tracy,Knight,9/27/1993,XXX-XXX-8339,ID
Jason,Parks,2/27/1981,XXX-XXX-2601,AZ
Jonathan,Carroll,6/15/1973,XXX-XXX-7126,SC
Sara,Wallace,6/21/1959,XXX-XXX-6918,MS
Jeffrey,Mitchell,5/23/1969,XXX-XXX-4559,UT
April,West,3/11/1986,XXX-XXX-9544,DE
Ryan,Reynolds,2/05/1973,XXX-XXX-2883,IN
Rachel,Bell,7/24/1989,XXX-XXX-1379,AL
Amber,Williamson,6/20/1984,XXX-XXX-4567,LA
Tony,Park,10/08/1968,XXX-XXX-7749,UT
Robert,Jefferson,10/04/1981,XXX-XXX-6302,OH
Sarah,Hernandez,7/05/1987,XXX-XXX-5549,WY
Margaret,Foley,12/19/1968,XXX-XXX-4633,CA
Tina,Christensen,3/01/1988,XXX-XXX-0333,TN
Isaac,Gomez,10/16/1987,XXX-XXX-4728,WY
Phillip,Davis,4/24/1961,XXX-XXX-5132,VT
Brian,Douglas,9/18/1979,XXX-XXX-9324,NV
Teresa,Wilson,8/12/1994,XXX-XXX-9378,IN
Timothy,Wilson,11/21/1993,XXX-XXX-1270,WV
Lori,Davies,8/21/1980,XXX-XXX-9489,AK
Brittany,Stone,11/21/1985,XXX-XXX-0950,CO
Matthew,Rogers,3/09/1974,XXX-XXX-2560,CA
Francisco,Gardner,8/18/1972,XXX-XXX-0367,WI
Ashley,Patrick,12/06/1979,XXX-XXX-7953,OR
Brandi,Frey,7/23/1979,XXX-XXX-2997,MD
Garrett,Kelley,12/20/1974,XXX-XXX-1192,PA
Robert,Barron,4/19/1985,XXX-XXX-0735,NE
Lee,Serrano,6/19/1967,XXX-XXX-0867,WV
Jessica,Vance,4/30/1959,XXX-XXX-9076,DE
Russell,Ashley,2/15/1973,XXX-XXX-2395,OH
Catherine,Richardson,10/03/1989,XXX-XXX-2969,WY
Sheri,Hamilton,3/12/1986,XXX-XXX-9319,NH
Craig,Strickland,2/27/1968,XXX-XXX-3498,ND
Brandon,Hall,9/30/1969,XXX-XXX-6416,AK
Karla,Adams,11/18/1962,XXX-XXX-7524,VT
Ernest,Washington,7/15/1990,XXX-XXX-9800,FL
John,Owens,5/15/1989,XXX-XXX-7554,MT
Roberto,Farmer,5/04/1968,XXX-XXX-3936,LA
Tom,Bailey,1/24/1980,XXX-XXX-1663,IA
Jennifer,White,1/17/1966,XXX-XXX-1698,MI
Courtney,Mendez,11/25/1961,XXX-XXX-8268,NE
Jasmine,Miller,5/13/1971,XXX-XXX-2427,MD
Amy,Bryan,6/24/1969,XXX-XXX-2636,CA
Melvin,Pruitt,5/06/1994,XXX-XXX-4970,AK
Amanda,Carrillo,10/25/1957,XXX-XXX-8942,MS
Anthony,Nguyen,3/10/1987,XXX-XXX-6484,ND
Kaitlyn,Charles,11/23/1965,XXX-XXX-7712,NH
Rebecca,Pollard,3/17/1977,XXX-XXX-9010,FL
James,Jackson,9/02/1987,XXX-XXX-8491,ME
Gina,Jones,2/05/1964,XXX-XXX-3596,HI
Tyler,Woodward,5/06/1983,XXX-XXX-7298,KS
Hannah,Schultz,12/28/1984,XXX-XXX-7228,NY
Anthony,Sims,4/20/1976,XXX-XXX-1311,CT
Jessica,Wallace,5/02/1981,XXX-XXX-7152,WI
Jonathan,Pearson,1/03/1980,XXX-XXX-7840,VT
Richard,Hunt,9/17/1987,XXX-XXX-9513,IN
Madison,Ballard,3/11/1966,XXX-XXX-3750,DE
Kathryn,Blair,8/07/1993,XXX-XXX-8028,GA
Kristina,Patterson,3/28/1958,XXX-XXX-5885,CT
Kathryn,Bryant,4/09/1957,XXX-XXX-8017,CO
Jerry,Ayala,3/02/1982,XXX-XXX-9737,WA
Karen,Rodriguez,7/30/1994,XXX-XXX-3813,CT
Daniel,Jacobs,4/24/1972,XXX-XXX-6724,TX
Stephanie,Campbell,8/30/1968,XXX-XXX-3547,TN
Michael,Pacheco,4/29/1977,XXX-XXX-6378,LA
Steven,Garcia,4/01/1991,XXX-XXX-9437,MT
Brenda,Hall,7/15/1957,XXX-XXX-7869,TX
Rhonda,Smith,6/27/1969,XXX-XXX-5595,ME
Tracy,Francis,1/26/1960,XXX-XXX-8950,VT
Dawn,Fernandez,4/14/1981,XXX-XXX-9216,NE
Matthew,Wells,8/29/1958,XXX-XXX-2780,FL
Joel,Walker,9/20/1979,XXX-XXX-6637,FL
Paula,Shea,8/15/1978,XXX-XXX-1746,OH
Paul,Bell,5/23/1976,XXX-XXX-7411,WI
Frederick,Roberson,1/02/1978,XXX-XXX-0114,MI
Melissa,Armstrong,3/17/1959,XXX-XXX-9454,OR
Jennifer,Alexander,1/15/1969,XXX-XXX-9026,AK
Cassandra,Perez,9/02/1986,XXX-XXX-1151,IL
Anthony,Austin,12/17/1965,XXX-XXX-9162,WI
Cynthia,Jones,8/11/1976,XXX-XXX-3428,RI
Oscar,Bernard,4/07/1990,XXX-XXX-5243,IL
Amanda,Hendrix,11/19/1980,XXX-XXX-7721,AR
Vincent,Henry,8/22/1961,XXX-XXX-5624,UT
Lauren,Bush,12/19/1976,XXX-XXX-3299,GA
Stacey,Bates,6/17/1961,XXX-XXX-1470,CA
Amanda,Khan,4/16/1971,XXX-XXX-9388,NE
Amanda,Sutton,12/07/1973,XXX-XXX-2368,AR
Joshua,Li,3/20/1992,XXX-XXX-6050,ID
Becky,Kennedy,4/05/1987,XXX-XXX-4807,MI
Laura,Espinoza,9/04/1978,XXX-XXX-5712,FL
Joshua,Murphy,12/31/1970,XXX-XXX-7318,WI
Randall,Bowen,4/11/1969,XXX-XXX-0666,TX
Michelle,Pham,7/31/1979,XXX-XXX-2595,SC
Emily,Thomas,7/10/1974,XXX-XXX-6906,RI
Jessica,Kelley,12/15/1976,XXX-XXX-4271,KY
Jeffrey,Brown,12/23/1968,XXX-XXX-7392,WA
Jennifer,Keith,11/24/1990,XXX-XXX-2614,AR
Joshua,Romero,10/14/1979,XXX-XXX-4169,NM
Frank,Walker,12/13/1976,XXX-XXX-5611,AZ
Cody,Lindsey,1/29/1965,XXX-XXX-8099,AL
Cody,Baker,3/09/1979,XXX-XXX-5896,VT
Jaclyn,Wall,12/13/1985,XXX-XXX-5336,SD
Kaitlyn,Roy,6/15/1965,XXX-XXX-0939,MN
Allison,Lee,4/04/1994,XXX-XXX-8932,UT
Heather,Patterson,6/08/1969,XXX-XXX-2886,WV
Carrie,Thomas,8/08/1980,XXX-XXX-8236,MA
David,Gutierrez,8/14/1967,XXX-XXX-9234,NE
Harold,Robinson,8/20/1965,XXX-XXX-7098,NM
Alex,Graham,11/27/1978,XXX-XXX-6911,KY
Steven,Thompson,1/01/1978,XXX-XXX-0637,NJ
Barbara,Martin,11/11/1971,XXX-XXX-5120,NE
Theresa,Cochran,2/23/1976,XXX-XXX-2404,IA
Michael,Madden,9/05/1964,XXX-XXX-2946,CO
Brian,Chase,5/01/1989,XXX-XXX-3628,AZ
Carolyn,Rodriguez,11/16/1962,XXX-XXX-2185,RI
Breanna,Williams,6/03/1994,XXX-XXX-8593,NC
Anne,Cook,11/11/1981,XXX-XXX-8560,NY
Tara,Bowers,9/22/1975,XXX-XXX-7048,NY
Joyce,Hall,10/10/1980,XXX-XXX-4819,VA
Sydney,George,1/24/1959,XXX-XXX-8264,FL
Lindsay,Williams,9/19/1977,XXX-XXX-4792,NV
Darrell,Thomas,3/14/1986,XXX-XXX-2653,UT
Thomas,Knight,8/07/1965,XXX-XXX-2441,NJ
Carolyn,Diaz,4/20/1991,XXX-XXX-2117,DE
Karen,Ball,4/13/1986,XXX-XXX-9411,ND
Ronald,Richardson,4/20/1988,XXX-XXX-6742,GA
Donna,Williams,9/01/1986,XXX-XXX-3144,MS
Molly,Wright,2/23/1991,XXX-XXX-7938,WA
Jeffrey,Mcintyre,6/02/1974,XXX-XXX-8359,KS
Tabitha,Parks,1/19/1975,XXX-XXX-8386,IA
Melissa,Padilla,12/08/1982,XXX-XXX-9382,MT
George,Harris,11/15/1979,XXX-XXX-2111,AZ
Cheryl,Hancock,9/03/1993,XXX-XXX-2522,ID
Jeffrey,Paul,1/12/1972,XXX-XXX-0457,MT
Wendy,Jones,4/20/1979,XXX-XXX-4078,NY
Elizabeth,Johnson,12/01/1981,XXX-XXX-8375,AR
Charles,Green,5/22/1990,XXX-XXX-9288,SC
Jeffrey,Cooper,12/14/1970,XXX-XXX-7671,MD
Judith,Brooks,1/25/1971,XXX-XXX-6779,IN
Amanda,Ramsey,4/10/1971,XXX-XXX-2683,SC
Stephen,Oliver,12/27/1984,XXX-XXX-5500,CA
Nancy,Rodriguez,2/13/1988,XXX-XXX-1027,MD
Joshua,Powers,5/13/1971,XXX-XXX-4897,FL
Lisa,Stein,2/07/1980,XXX-XXX-2075,CA
Jessica,Martin,8/18/1967,XXX-XXX-8568,NV
George,Hardy,4/17/1990,XXX-XXX-4162,NM
Jonathan,Carney,11/08/1990,XXX-XXX-0506,CO
Carol,Robertson,2/01/1959,XXX-XXX-6248,IL
Susan,Zhang,3/18/1983,XXX-XXX-5874,CT
Christopher,Cameron,8/30/1969,XXX-XXX-1053,NY
Paul,Ramsey,5/14/1990,XXX-XXX-6565,MD
David,Torres,3/26/1971,XXX-XXX-5176,MS
Barbara,Roberts,10/22/1993,XXX-XXX-9440,KS
Nicholas,Dunn,5/22/1985,XXX-XXX-1196,MD
John,Long,10/09/1966,XXX-XXX-8394,NE
Shelby,Porter,1/09/1992,XXX-XXX-7391,ME
Judith,Robinson,8/29/1973,XXX-XXX-3792,FL
Justin,Holt,9/19/1969,XXX-XXX-2854,WY
Laura,Valdez,9/14/1988,XXX-XXX-2068,IL
Jesse,Rosales,12/29/1989,XXX-XXX-0642,WV
Amy,Duran,4/02/1992,XXX-XXX-5581,MN
Joshua,Williams,11/06/1976,XXX-XXX-1375,IN
Robert,Davis,3/28/1986,XXX-XXX-0776,NE
Lisa,Houston,6/27/1966,XXX-XXX-5946,OH
Timothy,Williams,11/27/1978,XXX-XXX-5842,IL
Kim,Finley,3/09/1973,XXX-XXX-6351,SC
Andrew,Lopez,6/11/1962,XXX-XXX-7248,TN
Veronica,Herrera,10/22/1958,XXX-XXX-4723,IA
Bob,Murphy,1/14/1982,XXX-XXX-8100,SD
Timothy,Duncan,9/25/1977,XXX-XXX-7493,IN
David,Sandoval,11/26/1985,XXX-XXX-6963,WV
Tony,Graves,10/19/1980,XXX-XXX-5360,ID
Andrea,Fuller,7/17/1981,XXX-XXX-0698,WA
William,Carney,6/16/1974,XXX-XXX-3440,WY
Daniel,Dominguez,11/15/1992,XXX-XXX-9595,KY
David,Franco,10/30/1983,XXX-XXX-2451,NY
Justin,Ortiz,1/29/1961,XXX-XXX-6761,AK
Sara,Jarvis,7/23/1964,XXX-XXX-3953,WV
Adam,Green,5/09/1988,XXX-XXX-5674,TN
Debra,Flores,4/02/1969,XXX-XXX-7111,KS
Jennifer,Adams,12/04/1988,XXX-XXX-1210,RI
Lori,Sosa,6/14/1988,XXX-XXX-7062,MI
Cory,Mora,3/27/1985,XXX-XXX-0325,NV
Denise,Hughes,9/20/1966,XXX-XXX-7879,UT
Anthony,Jenkins,9/05/1957,XXX-XXX-0437,MA
Leonard,Soto,10/17/1986,XXX-XXX-1991,NE
Donald,Todd,7/16/1960,XXX-XXX-6930,MI
Christopher,Long,8/24/1979,XXX-XXX-2737,VT
Donald,Pierce,2/27/1976,XXX-XXX-1562,NJ
Matthew,Sullivan,2/25/1986,XXX-XXX-6697,MS
Brianna,Stevens,6/11/1965,XXX-XXX-4666,MT
Jacqueline,Villegas,2/13/1981,XXX-XXX-8948,SC
Mary,Diaz,2/18/1964,XXX-XXX-8701,GA
Steven,Taylor,12/01/1985,XXX-XXX-1803,NH
Edward,Jimenez,8/19/1980,XXX-XXX-1355,KY
John,Joseph,1/07/1992,XXX-XXX-0413,PA
Jared,Fletcher,7/16/1977,XXX-XXX-9304,VT
Kathleen,Hill,2/04/1970,XXX-XXX-3356,NH
Johnny,Warner,8/16/1965,XXX-XXX-4164,NH
Frank,Smith,2/08/1971,XXX-XXX-1100,IL
Stephanie,Thompson,3/26/1957,XXX-XXX-6249,RI
Angela,Cannon,9/13/1992,XXX-XXX-3459,KS
Trevor,Robinson,4/26/1967,XXX-XXX-3462,WV
Gregory,Powers,5/19/1969,XXX-XXX-8879,KS
Michael,Sparks,11/03/1982,XXX-XXX-6809,NC
George,Flores,1/31/1989,XXX-XXX-0195,IA
Michael,Hall,1/22/1986,XXX-XXX-0161,AZ
Susan,Williamson,5/27/1973,XXX-XXX-0355,IN
Luis,Norton,5/11/1988,XXX-XXX-6955,WI
Victoria,Pearson,3/07/1990,XXX-XXX-5518,ND
Roger,Nichols,1/13/1976,XXX-XXX-4515,OR
Jenny,Mills,11/10/1983,XXX-XXX-1434,WI
Joshua,Moore,9/30/1965,XXX-XXX-8369,PA
James,Carr,2/25/1979,XXX-XXX-8546,AL
David,Lane,4/21/1974,XXX-XXX-4614,MN
Beth,Reese,4/30/1961,XXX-XXX-1223,PA
Lindsay,Thompson,9/24/1986,XXX-XXX-1306,KS
Amber,Taylor,4/27/1982,XXX-XXX-6610,NY
Oscar,Yates,4/03/1977,XXX-XXX-0620,IL
Anthony,Cooper,6/04/1994,XXX-XXX-2490,CA
Tracie,Harrison,7/01/1983,XXX-XXX-7833,DE
Corey,Herrera,11/08/1970,XXX-XXX-3228,OR
Anthony,Kim,11/04/1981,XXX-XXX-7043,WY
Kendra,Marshall,9/11/1967,XXX-XXX-2658,IN
Debbie,Chang,2/17/1993,XXX-XXX-8022,PA
Miranda,Simmons,3/27/1964,XXX-XXX-2359,IL
Catherine,Murphy,8/11/1968,XXX-XXX-6401,RI
Nicholas,Shelton,6/07/1984,XXX-XXX-0704,GA
Laura,Winters,7/05/1969,XXX-XXX-4775,GA
Jill,Barr,4/07/1983,XXX-XXX-7889,MN
Lauren,Ritter,12/26/1970,XXX-XXX-7600,KS
Anthony,Short,6/07/1986,XXX-XXX-6004,WY
Patrick,Yates,5/07/1967,XXX-XXX-4036,NC
Brett,Mitchell,1/20/1976,XXX-XXX-8337,WI
Andrea,Boone,2/05/1983,XXX-XXX-1089,CO
Charles,Alvarez,2/01/1993,XXX-XXX-5142,MT
Jeff,Garner,12/21/1978,XXX-XXX-2191,MA
Natalie,Williams,6/14/1971,XXX-XXX-2753,MA
Tracy,King,11/17/1969,XXX-XXX-0822,NC
Michael,Huang,2/14/1990,XXX-XXX-6162,SC
Ray,Miller,3/09/1968,XXX-XXX-5774,CA
Tracey,Powers,4/28/1976,XXX-XXX-5107,WY
Alexander,Moore,7/05/1992,XXX-XXX-4136,HI
Lisa,Fisher,1/05/1977,XXX-XXX-4670,NM
Tamara,Gentry,4/03/1987,XXX-XXX-7430,SC
Christopher,Fitzgerald,4/19/1992,XXX-XXX-7096,MA
Jose,Olson,1/20/1991,XXX-XXX-7256,PA
Carrie,Wallace,2/07/1966,XXX-XXX-8007,GA
Crystal,Smith,4/30/1991,XXX-XXX-6884,NY
Caroline,Edwards,10/20/1959,XXX-XXX-7816,NV
Carol,Baker,8/01/1959,XXX-XXX-8196,OR
Alexandra,Ward,12/27/1973,XXX-XXX-3414,AR
Krystal,Townsend,5/15/1990,XXX-XXX-6839,AZ
Melanie,Elliott,6/21/1976,XXX-XXX-2869,MN
Tracey,Barajas,1/09/1973,XXX-XXX-9722,AR
Eric,Barker,12/09/1976,XXX-XXX-2136,GA
Olivia,Elliott,9/15/1991,XXX-XXX-7631,NM
Daniel,Reed,12/24/1969,XXX-XXX-3333,NJ
Roberto,Pierce,7/03/1964,XXX-XXX-9982,MO
Lawrence,Stewart,6/15/1987,XXX-XXX-1303,MO
Michael,Snow,2/17/1965,XXX-XXX-2820,KS
Ashley,Cruz,9/09/1973,XXX-XXX-3168,MA
Jesus,Hobbs,12/10/1975,XXX-XXX-2648,MS
Jody,Riley,1/08/1978,XXX-XXX-6681,CT
Joseph,Scott,11/23/1993,XXX-XXX-4445,MD
Eric,Sullivan,1/05/1993,XXX-XXX-8141,SC
Christopher,Cervantes,11/09/1975,XXX-XXX-7919,VT
Jennifer,Leon,2/03/1959,XXX-XXX-2413,AR
Victor,Fuentes,12/07/1957,XXX-XXX-5844,WA
Christine,Marshall,12/05/1972,XXX-XXX-6538,AL
Amanda,Garcia,12/03/1961,XXX-XXX-1013,NJ
Nancy,Holloway,3/13/1983,XXX-XXX-4965,AK
Kimberly,Banks,7/03/1990,XXX-XXX-7861,AZ
Laura,King,6/04/1971,XXX-XXX-5040,AZ
Robert,Mendoza,4/23/1982,XXX-XXX-0627,IA
Jessica,Black,12/11/1981,XXX-XXX-6296,KY
Cynthia,Duffy,7/08/1990,XXX-XXX-0500,NC
Aaron,Henry,10/15/1978,XXX-XXX-3379,MI
Autumn,Peterson,1/02/1965,XXX-XXX-9763,OK
Danielle,Murphy,8/15/1963,XXX-XXX-0413,TX
Deborah,Hoffman,10/20/1986,XXX-XXX-9690,MT
Kathy,Palmer,7/19/1972,XXX-XXX-3934,AR
Tim,Smith,4/22/1967,XXX-XXX-8047,NC
Renee,Campbell,11/09/1970,XXX-XXX-2594,MO
Bryan,Mcdaniel,4/19/1959,XXX-XXX-4659,FL
Rhonda,Flores,12/13/1974,XXX-XXX-3754,WV
Jonathan,Wright,6/17/1963,XXX-XXX-8490,MO
Sydney,King,1/12/1977,XXX-XXX-5923,FL
Janet,Gonzales,12/08/1972,XXX-XXX-0243,UT
Steve,Russell,8/19/1978,XXX-XXX-9820,WA
Craig,Pennington,12/25/1957,XXX-XXX-8248,ND
Andrew,Thomas,4/11/1963,XXX-XXX-7838,MA
Miguel,Woods,6/10/1992,XXX-XXX-1852,ME
Samuel,Anderson,3/02/1969,XXX-XXX-9480,SC
Cynthia,Clarke,5/29/1962,XXX-XXX-8148,MA
Adam,Mcgrath,6/20/1960,XXX-XXX-3185,AK
Courtney,Oconnell,4/03/1984,XXX-XXX-3672,SD
Brandon,Hudson,8/07/1966,XXX-XXX-4780,IL
Rachel,Lewis,2/06/1985,XXX-XXX-5213,GA
Manuel,Rodriguez,3/07/1981,XXX-XXX-0042,WA
Gregory,Wilkinson,8/23/1984,XXX-XXX-6395,NC
Donna,Lopez,8/03/1962,XXX-XXX-6360,NH
David,Scott,3/10/1992,XXX-XXX-0749,MS
Gregory,Maxwell,11/21/1977,XXX-XXX-7057,NV
Daniel,Wilkins,9/24/1975,XXX-XXX-4870,MS
Jonathan,Henry,6/08/1989,XXX-XXX-2026,MT
Heather,Shepherd,9/17/1984,XXX-XXX-2527,WA
Cindy,Munoz,10/30/1986,XXX-XXX-0435,NH
Dalton,Bowman,12/24/1977,XXX-XXX-8792,ME
Jon,Clark,6/18/1967,XXX-XXX-8771,TN
Amber,Meyer,9/04/1983,XXX-XXX-5604,LA
Steven,Madden,6/18/1972,XXX-XXX-9767,IN
Victoria,Lewis,1/04/1971,XXX-XXX-6283,WA
Karl,Dudley,12/14/1974,XXX-XXX-6649,TX
Alicia,Stone,12/24/1966,XXX-XXX-8324,CO
Max,Mckay,8/17/1960,XXX-XXX-4918,SC
Richard,Brown,6/30/1979,XXX-XXX-0117,MT
Heather,Case,12/22/1971,XXX-XXX-1698,AR
Amy,Gonzalez,10/12/1965,XXX-XXX-2150,UT
Brandon,Armstrong,12/12/1973,XXX-XXX-5658,AZ
Terrance,Ewing,1/15/1981,XXX-XXX-5340,VA
Jessica,Boyd,4/27/1960,XXX-XXX-9784,VA
Corey,Taylor,3/09/1966,XXX-XXX-4578,MS
Frank,Blankenship,11/17/1958,XXX-XXX-3591,MS
Monica,Montgomery,10/14/1975,XXX-XXX-3158,MS
Tammy,Patrick,9/07/1961,XXX-XXX-7381,NM
Corey,Sawyer,8/13/1982,XXX-XXX-9114,DE
Linda,Anthony,1/23/1994,XXX-XXX-7298,SD
Travis,Patrick,10/12/1967,XXX-XXX-7968,TN
Linda,Davis,8/08/1975,XXX-XXX-0620,CT
Anthony,Adams,2/09/1962,XXX-XXX-1396,VT
Christopher,Johnson,11/03/1959,XXX-XXX-5547,CT
Tracy,Austin,8/06/1980,XXX-XXX-1904,RI
Matthew,Woodward,3/26/1978,XXX-XXX-6667,ID
Donna,Cole,1/19/1973,XXX-XXX-3401,NY
Alexis,Allen,8/11/1963,XXX-XXX-6449,TN
Stephen,Parker,3/18/1967,XXX-XXX-9288,CO
Nicole,Johnson,5/01/1963,XXX-XXX-0265,PA
Daniel,Green,6/16/1976,XXX-XXX-7915,AK
Dylan,Adams,4/16/1966,XXX-XXX-4597,CO
Jason,Davis,6/06/1970,XXX-XXX-5627,LA
Jennifer,Conrad,10/08/1973,XXX-XXX-2874,WY
Stephen,Dawson,6/30/1985,XXX-XXX-5741,AZ
Douglas,Smith,4/07/1981,XXX-XXX-9028,MA
Diane,Gray,10/26/1968,XXX-XXX-1654,HI
Benjamin,Gordon,7/26/1974,XXX-XXX-3940,CO
Stephanie,Miller,9/08/1983,XXX-XXX-8885,LA
Lynn,Stout,9/17/1973,XXX-XXX-6531,ME
Malik,Scott,2/02/1958,XXX-XXX-4261,ID
David,Brown,7/28/1973,XXX-XXX-5706,OK
Nathan,Jenkins,1/11/1968,XXX-XXX-6468,WI
Maria,Bryant,7/17/1970,XXX-XXX-3505,MA
Michael,Griffin,9/15/1963,XXX-XXX-4120,WA
Nathan,Smith,4/17/1979,XXX-XXX-9334,CA
James,Jackson,6/01/1958,XXX-XXX-4595,CA
Erika,Jones,2/02/1977,XXX-XXX-1552,AL
Stephanie,Leon,4/06/1967,XXX-XXX-0580,DE
Anthony,Walker,12/25/1969,XXX-XXX-5284,RI
Richard,Brooks,10/17/1962,XXX-XXX-5295,KY
Matthew,Bishop,6/10/1973,XXX-XXX-9588,NJ
Anthony,Thompson,10/04/1990,XXX-XXX-1051,MA
Justin,Garcia,9/21/1961,XXX-XXX-6120,NC
Miguel,Garcia,12/21/1964,XXX-XXX-5477,OH
Jeffrey,Randolph,9/24/1976,XXX-XXX-2699,IN
Raymond,Tran,4/09/1957,XXX-XXX-8575,FL
Brandon,Webb,9/10/1966,XXX-XXX-8353,UT
Brandon,Petersen,7/06/1982,XXX-XXX-1657,TN
Bryce,Ball,7/03/1994,XXX-XXX-1674,AZ
Blake,Watkins,2/25/1973,XXX-XXX-0572,NC
Gregory,Morales,8/21/1960,XXX-XXX-5605,CO
Alyssa,Wall,8/24/1964,XXX-XXX-2643,WA
Cynthia,Garcia,11/11/1960,XXX-XXX-2024,ID
Amber,Williams,12/03/1969,XXX-XXX-7515,NM
Steve,Stark,7/02/1957,XXX-XXX-7390,MI
Charles,Baird,2/29/1968,XXX-XXX-2710,FL
Mackenzie,Hall,2/28/1990,XXX-XXX-6862,AL
Aaron,King,5/29/1964,XXX-XXX-8792,SD
Joshua,Perez,2/08/1984,XXX-XXX-1226,GA
Alexander,Valdez,10/24/1975,XXX-XXX-7833,ND
Ashley,Santos,6/18/1983,XXX-XXX-4884,AL
Joshua,Stephens,4/11/1988,XXX-XXX-9528,VT
Steven,Long,8/18/1994,XXX-XXX-4594,TX
Jack,Jackson,7/05/1975,XXX-XXX-4734,NY
Roberto,Leonard,1/20/1992,XXX-XXX-8779,MA
Michael,Park,6/05/1981,XXX-XXX-4033,NM
Carl,Reeves,12/11/1965,XXX-XXX-8325,LA
Paul,Lee,7/22/1976,XXX-XXX-7697,IN
Kathryn,Ramirez,8/04/1960,XXX-XXX-0099,OH
Daniel,Medina,10/31/1973,XXX-XXX-8215,MS
Jesse,Gomez,1/30/1961,XXX-XXX-3664,SC
Brandon,Good,8/01/1991,XXX-XXX-5586,VA
Sandra,Suarez,6/08/1974,XXX-XXX-7890,GA
Jeffrey,Stevenson,12/07/1957,XXX-XXX-3851,CT
Richard,Mcdonald,2/21/1957,XXX-XXX-8008,ND
Joanna,Castillo,3/07/1984,XXX-XXX-1576,IN
Angelica,Reyes,6/06/1992,XXX-XXX-7139,AR
Jennifer,Wright,3/06/1976,XXX-XXX-3901,NM
James,Porter,6/30/1957,XXX-XXX-1319,CA
Krystal,Brown,1/31/1961,XXX-XXX-8909,TX
Christopher,Reyes,2/01/1981,XXX-XXX-4713,IN
Luis,Lewis,7/18/1965,XXX-XXX-3601,HI
Lynn,Owens,3/24/1985,XXX-XXX-8776,RI
Anthony,Phillips,12/12/1960,XXX-XXX-3754,NJ
Jessica,Mcdonald,12/29/1970,XXX-XXX-2911,MS
Michelle,Allen,9/13/1972,XXX-XXX-8147,TN
Victor,Webb,1/17/1959,XXX-XXX-2267,TN
Martin,Melton,4/06/1972,XXX-XXX-7978,NY
Pamela,Miles,11/15/1962,XXX-XXX-5312,NC
Christopher,Compton,9/05/1958,XXX-XXX-6855,SC
Annette,Rice,3/15/1959,XXX-XXX-1866,FL
Travis,Meza,1/10/1974,XXX-XXX-4313,NJ
Brian,Baker,7/28/1976,XXX-XXX-2839,IL
Sharon,Lee,10/23/1967,XXX-XXX-7596,DE
Brian,Sparks,2/14/1967,XXX-XXX-8194,HI
Dana,Ryan,10/10/1962,XXX-XXX-3761,VA
Maria,Stevens,5/12/1958,XXX-XXX-9113,CA
Julia,Berry,6/17/1960,XXX-XXX-3759,NH
Sarah,Williams,9/12/1964,XXX-XXX-3882,IA
Trevor,Short,7/29/1980,XXX-XXX-2488,ND
Michael,Johnson,4/11/1962,XXX-XXX-6015,ME
Louis,Cross,11/13/1959,XXX-XXX-7111,CO
Ryan,Smith,4/24/1964,XXX-XXX-2228,OK
Joan,Carter,1/06/1964,XXX-XXX-8092,KY
Karen,Franklin,6/17/1967,XXX-XXX-4888,VT
Christian,Palmer,4/30/1992,XXX-XXX-6104,AL
Kristopher,Smith,10/20/1982,XXX-XXX-3545,HI
Cheryl,Velez,7/21/1963,XXX-XXX-3300,TN
Jeffrey,Harris,12/20/1993,XXX-XXX-9625,MS
Jamie,Doyle,6/11/1984,XXX-XXX-1529,NV
Adam,Sims,12/20/1973,XXX-XXX-6337,ID
Joshua,Griffith,8/01/1984,XXX-XXX-3344,HI
Donald,Koch,10/02/1989,XXX-XXX-5788,CT
Wendy,Leonard,3/18/1957,XXX-XXX-7962,HI
Dana,Hubbard,8/06/1980,XXX-XXX-4700,FL
Brett,Carson,2/27/1970,XXX-XXX-5338,OK
Erica,Peters,11/05/1980,XXX-XXX-0341,SC
William,Carter,1/31/1989,XXX-XXX-1954,VT
Karen,Taylor,1/29/1986,XXX-XXX-6243,AZ
Virginia,Cobb,12/04/1978,XXX-XXX-9307,MI
Tamara,Watson,8/18/1968,XXX-XXX-6329,NJ
John,Middleton,7/24/1983,XXX-XXX-7354,OR
Alex,Cruz,12/23/1964,XXX-XXX-4744,CT
Theresa,Crawford,1/08/1973,XXX-XXX-9276,IL
Glenn,Chavez,11/29/1970,XXX-XXX-5246,NE
Carrie,Davis,7/16/1963,XXX-XXX-7399,WI
Michael,Haynes,9/13/1974,XXX-XXX-3346,NE
Michele,Arellano,4/12/1981,XXX-XXX-5875,IN
Gina,Stevens,4/05/1992,XXX-XXX-2359,PA
Elizabeth,Hatfield,4/07/1959,XXX-XXX-7821,NM
Michael,Reyes,7/21/1958,XXX-XXX-1842,FL
Spencer,Wilson,9/18/1959,XXX-XXX-7753,IN
Kevin,Smith,8/26/1992,XXX-XXX-8582,IN
Steven,Giles,11/19/1980,XXX-XXX-2061,VA
Mario,Butler,5/03/1979,XXX-XXX-3035,MA
Billy,Romero,1/29/1958,XXX-XXX-3100,VT
Katie,Miller,7/09/1970,XXX-XXX-7579,MA
William,Salinas,4/24/1983,XXX-XXX-6013,MO
Kendra,Alvarado,10/07/1957,XXX-XXX-0633,CA
Kimberly,Wright,3/20/1979,XXX-XXX-9022,OH
Judy,Nelson,10/17/1968,XXX-XXX-2012,NV
Alexandra,Golden,4/08/1978,XXX-XXX-3418,ND
Patricia,Park,7/28/1965,XXX-XXX-5775,CO
Kylie,Chavez,1/10/1965,XXX-XXX-3816,CT
Randy,Edwards,6/29/1980,XXX-XXX-9087,OR
Glenda,Hebert,5/18/1987,XXX-XXX-7625,NY
Erin,Garrett,4/29/1980,XXX-XXX-5815,SD
Donna,Floyd,3/30/1957,XXX-XXX-1819,SD
Brandon,Watson,2/12/1974,XXX-XXX-3375,PA
Paul,Patterson,2/22/1985,XXX-XXX-4729,PA
Hannah,Henderson,12/21/1960,XXX-XXX-5897,PA
Autumn,Smith,7/24/1974,XXX-XXX-7279,CA
Steven,Contreras,5/31/1986,XXX-XXX-6852,DE
Miguel,Russell,9/25/1986,XXX-XXX-0302,UT
Kim,Martin,8/03/1964,XXX-XXX-3452,SC
Heidi,Proctor,1/31/1993,XXX-XXX-9545,OH
Nicholas,May,6/19/1976,XXX-XXX-8728,KS
Michael,Nunez,6/22/1982,XXX-XXX-9379,WV
Gregory,Bowen,7/05/1981,XXX-XXX-1510,OH
Jennifer,Juarez,6/30/1969,XXX-XXX-9009,OK
April,Williamson,10/25/1990,XXX-XXX-8318,KS
Francisco,Smith,8/12/1972,XXX-XXX-1836,ND
Roger,Taylor,11/02/1975,XXX-XXX-6293,GA
Gabriela,Williams,1/10/1976,XXX-XXX-5792,AZ
Stephanie,Pittman,12/05/1965,XXX-XXX-0840,MD
Sarah,Porter,8/09/1962,XXX-XXX-3997,AZ
Ernest,Cooper,9/24/1971,XXX-XXX-2003,NJ
Alexandra,Fisher,3/06/1976,XXX-XXX-2206,AK
Henry,Turner,11/20/1984,XXX-XXX-7954,OK
Charles,Rogers,8/31/1984,XXX-XXX-8407,NV
Keith,Lynch,2/26/1988,XXX-XXX-4803,IA
Lindsay,Bowman,8/24/1972,XXX-XXX-8895,AL
Jennifer,Lutz,7/05/1990,XXX-XXX-2943,RI
Mark,Mills,11/20/1962,XXX-XXX-7406,AR
Dawn,Thomas,8/05/1960,XXX-XXX-0942,NC
Keith,Tyler,5/10/1975,XXX-XXX-7953,MO
Joseph,Smith,3/12/1960,XXX-XXX-3836,LA
Michael,Dudley,3/10/1966,XXX-XXX-3459,SD
Blake,Bowman,1/17/1961,XXX-XXX-8076,ND
Amy,Graves,8/22/1994,XXX-XXX-9448,SC
Robert,Hill,10/03/1968,XXX-XXX-8902,AR
Robert,Davis,8/13/1988,XXX-XXX-5405,MD
Tammy,Horton,3/06/1981,XXX-XXX-0677,RI
Allison,Watkins,3/27/1992,XXX-XXX-1605,NV
James,Mathis,11/29/1989,XXX-XXX-3276,IA
Sabrina,Shelton,2/03/1958,XXX-XXX-2668,ID
Rachel,Coleman,10/26/1983,XXX-XXX-7638,SD
William,Cantrell,8/17/1973,XXX-XXX-4706,CA
Donna,Carroll,9/16/1968,XXX-XXX-9127,MA
Tammy,Harris,1/26/1961,XXX-XXX-8283,OH
Debra,Pena,10/16/1957,XXX-XXX-9872,MN
James,Reilly,3/01/1957,XXX-XXX-7935,SD
Robert,Krause,3/11/1957,XXX-XXX-5246,NM
Chad,Crawford,11/05/1990,XXX-XXX-0638,IL
Luke,Huerta,1/05/1986,XXX-XXX-5912,MI
Corey,Long,9/06/1978,XXX-XXX-9787,MO
Joshua,Flores,10/30/1987,XXX-XXX-5727,NE
Jeffery,Collins,6/01/1993,XXX-XXX-4791,KY
Michael,Clements,1/03/1994,XXX-XXX-6223,NC
Christopher,Williams,2/23/1977,XXX-XXX-6535,HI
Laura,Mata,10/22/1966,XXX-XXX-5794,AL
Jessica,Campbell,9/16/1968,XXX-XXX-2121,FL
Kristy,Hebert,11/12/1973,XXX-XXX-9892,WA
Rachel,Silva,11/19/1974,XXX-XXX-3474,ND
Tyrone,Dean,1/31/1986,XXX-XXX-5932,VA
Angela,White,2/17/1963,XXX-XXX-2921,ME
Teresa,Bell,5/12/1975,XXX-XXX-1580,IN
Edwin,Williams,7/27/1981,XXX-XXX-6206,PA
Hannah,Hicks,6/05/1978,XXX-XXX-9383,LA
Kevin,Rivera,3/14/1994,XXX-XXX-8418,DE
Trevor,Jones,7/28/1959,XXX-XXX-5747,OR
Emily,Silva,4/24/1989,XXX-XXX-5242,MN
Emma,Thomas,2/25/1960,XXX-XXX-2668,ND
Lisa,Myers,7/22/1980,XXX-XXX-7446,WI
Jennifer,King,2/04/1975,XXX-XXX-2581,MD
Dylan,Walker,11/01/1971,XXX-XXX-4143,GA
Andrea,Snyder,7/10/1981,XXX-XXX-3882,KY
Samuel,Lane,2/09/1992,XXX-XXX-2267,OK
Jennifer,Cameron,5/16/1962,XXX-XXX-7541,OR
Rodney,Cross,6/14/1985,XXX-XXX-4949,NE
Dustin,Brown,12/18/1990,XXX-XXX-3364,OR
Krista,Mack,9/30/1969,XXX-XXX-0563,SD
Luis,Ruiz,2/01/1977,XXX-XXX-4894,NV
Cassandra,Johnson,12/01/1991,XXX-XXX-0203,AL
Ruth,Nichols,7/21/1990,XXX-XXX-7608,NE
Pamela,Dean,8/15/1987,XXX-XXX-3302,CT
Beth,Lee,12/08/1961,XXX-XXX-1371,MN
Christopher,Martin,4/26/1977,XXX-XXX-9812,WY
Amanda,Johnson,9/03/1974,XXX-XXX-7153,MA
Joseph,Barnett,10/24/1959,XXX-XXX-1644,OR
Maria,Burns,11/24/1979,XXX-XXX-9488,WV
Kevin,Riley,9/05/1962,XXX-XXX-5605,WV
Brian,Reyes,7/15/1962,XXX-XXX-0510,WV
Jeffrey,Robinson,6/21/1958,XXX-XXX-6490,MO
David,Gardner,9/05/1961,XXX-XXX-8396,FL
Tracey,Downs,2/28/1974,XXX-XXX-4596,NM
Cody,Ramirez,10/15/1982,XXX-XXX-7950,LA
Heather,Gray,5/09/1981,XXX-XXX-6848,KS
Erika,Lewis,2/15/1960,XXX-XXX-9111,CO
Ronald,Maynard,11/22/1978,XXX-XXX-9020,KY
Ashley,Saunders,6/11/1991,XXX-XXX-5309,GA
Paul,Kaufman,11/02/1978,XXX-XXX-0964,IA
Nathan,Rosario,6/15/1964,XXX-XXX-5027,NY
Melissa,Nguyen,10/06/1978,XXX-XXX-1193,MN
Mitchell,Gill,7/27/1989,XXX-XXX-7598,KY
Michael,Shaw,4/18/1977,XXX-XXX-8249,OR
Crystal,Jones,12/20/1972,XXX-XXX-8160,MD
Jasmine,Harrison,12/04/1957,XXX-XXX-0602,WV
Chase,Grant,5/04/1985,XXX-XXX-1229,KS
Shawn,Kidd,4/10/1961,XXX-XXX-4240,MN
Chris,Robinson,1/24/1970,XXX-XXX-1013,SC
Carla,Smith,5/05/1969,XXX-XXX-6182,AL
Kimberly,Burns,1/30/1985,XXX-XXX-5610,CA
Lori,Sullivan,10/05/1992,XXX-XXX-4062,NY
Jennifer,Williams,2/25/1994,XXX-XXX-7025,ME
John,Lamb,3/09/1986,XXX-XXX-1494,CO
Joanne,Lamb,6/28/1974,XXX-XXX-6922,LA
David,Brown,12/27/1978,XXX-XXX-4274,DE
Scott,Leach,4/03/1985,XXX-XXX-5144,AR
Andrew,Tyler,4/08/1970,XXX-XXX-3511,IA
